{
    "observation.state": {
        "mean": [
            -0.6915419697761536,
            0.04099392518401146,
            0.09562771022319794,
            0.8071180582046509,
            -0.3283051550388336,
            0.005264121573418379,
            -0.7725778818130493,
            -0.06455989927053452,
            0.05745840072631836,
            0.8047500848770142,
            -0.25041869282722473,
            0.03472408652305603,
            -0.012629035860300064,
            -0.0009132097475230694,
            0.054413869976997375,
            0.009712107479572296,
            0.2769773006439209,
            0.2762807011604309,
            -0.4935542047023773,
            -0.04986216500401497,
            0.16999445855617523,
            -0.2267039716243744,
            -0.10809003561735153,
            -0.21497119963169098,
            -0.1073184609413147,
            -0.2167462408542633,
            0.05947500467300415,
            0.10066547244787216,
            0.1217334195971489,
            -0.1761624664068222,
            -0.29588380455970764,
            0.028725048527121544,
            -0.6184656620025635,
            0.021343998610973358,
            0.4394187033176422,
            0.0973379835486412,
            0.09361294656991959,
            0.1972283124923706,
            0.1196160614490509,
            0.20566323399543762,
            0.12294376641511917,
            -0.10466016083955765,
            -0.11203505843877792
        ],
        "std": [
            0.0445968396961689,
            0.028138823807239532,
            0.04728880524635315,
            0.10622021555900574,
            0.08090900629758835,
            0.06377827376127243,
            0.03821447491645813,
            0.029116222634911537,
            0.059593960642814636,
            0.0810079500079155,
            0.06467191129922867,
            0.06100710108876228,
            0.011369507759809494,
            0.01841203309595585,
            0.03852071240544319,
            0.1705525815486908,
            0.11710017174482346,
            0.1622290015220642,
            0.3953850567340851,
            0.3730389177799225,
            0.33210116624832153,
            0.1484360545873642,
            0.14461246132850647,
            0.35603559017181396,
            0.17282983660697937,
            0.37268882989883423,
            0.10942590236663818,
            0.16803841292858124,
            0.18171383440494537,
            0.1826397180557251,
            0.125151589512825,
            0.14852574467658997,
            0.4714818596839905,
            0.34786853194236755,
            0.3892700672149658,
            0.2159045785665512,
            0.1411912590265274,
            0.3441733121871948,
            0.1617661416530609,
            0.3588763475418091,
            0.0016389595111832023,
            0.16357296705245972,
            0.181796133518219
        ],
        "min": [
            -0.9180755615234375,
            -0.038520097732543945,
            -0.0027952194213867188,
            0.7019326686859131,
            -0.6299360990524292,
            -0.11490358412265778,
            -0.9304897785186768,
            -0.12461018562316895,
            -0.04399394989013672,
            0.7340352535247803,
            -0.5158230662345886,
            -0.11613953858613968,
            -0.04758501052856445,
            -0.026794131845235825,
            -0.06509209424257278,
            -0.8306578397750854,
            -0.0647284984588623,
            -0.3610164523124695,
            -1.0154629945755005,
            -0.909121036529541,
            -1.6001648902893066,
            -0.9377057552337646,
            -0.5850401520729065,
            -1.148244857788086,
            -0.5987386107444763,
            -1.1720033884048462,
            -0.006351857911795378,
            -0.06265135109424591,
            0.01926780305802822,
            -0.8999385833740234,
            -0.8101320266723633,
            -0.3349313735961914,
            -1.0109572410583496,
            -1.2373733520507812,
            -0.9007084965705872,
            -0.4775523543357849,
            -0.002160420408472419,
            0.035200148820877075,
            0.02667754329741001,
            0.03672071173787117,
            0.12084701657295227,
            -0.6779699921607971,
            -0.6716167330741882
        ],
        "max": [
            -0.5871214866638184,
            0.14350390434265137,
            0.25631093978881836,
            1.2545151710510254,
            -0.17840588092803955,
            0.18216422200202942,
            -0.6881232261657715,
            0.06758904457092285,
            0.27849626541137695,
            1.167759895324707,
            -0.14759725332260132,
            0.26703956723213196,
            0.025159835815429688,
            0.08350624889135361,
            0.2703784108161926,
            0.6474045515060425,
            0.7449495792388916,
            0.8482517600059509,
            1.0961335897445679,
            1.5424439907073975,
            1.0682177543640137,
            0.5471339821815491,
            -0.0043888031505048275,
            -0.02675556391477585,
            -0.016886837780475616,
            -0.030566556379199028,
            0.27882930636405945,
            0.678985059261322,
            0.6635709404945374,
            0.3893723487854004,
            -0.1344614028930664,
            0.828892707824707,
            1.2085810899734497,
            0.7901418209075928,
            0.9895317554473877,
            1.1700043678283691,
            0.5947195887565613,
            1.170729160308838,
            0.5828878283500671,
            1.1568504571914673,
            0.12585577368736267,
            -0.01838451251387596,
            -0.023731697350740433
        ],
        "q01": [
            -0.7642292976379395,
            -0.027913966178894044,
            0.027649707794189453,
            0.7193806970119476,
            -0.6299360990524292,
            -0.1001798789203167,
            -0.8704044032096863,
            -0.11374978184700012,
            -0.03149431228637695,
            0.7448648619651794,
            -0.5158230662345886,
            -0.07886054255068302,
            -0.044759273529052734,
            -0.020780674125999214,
            -0.06407216936349869,
            -0.5981504619121552,
            -0.06471657752990723,
            -0.18314204335212708,
            -1.0003905296325684,
            -0.6791800832748414,
            -0.875492696762085,
            -0.6243570405244827,
            -0.5728377079963685,
            -1.1427329778671265,
            -0.5864865136146545,
            -1.170031818151474,
            -0.004469035398215055,
            -0.01486684288829565,
            0.026148680597543716,
            -0.7033109903335572,
            -0.6586256766319275,
            -0.23918938636779785,
            -1.0075297355651855,
            -0.9171669483184814,
            -0.6380721712112427,
            -0.37876587867736816,
            0.022134022787213326,
            0.03615667305886745,
            0.029103521276265382,
            0.037637267261743546,
            0.12085768580436707,
            -0.6397475492954254,
            -0.6497556251287461
        ],