{
    "observation.state": {
        "mean": [
            -0.7193859219551086,
            0.0755179226398468,
            0.08060180395841599,
            0.769195556640625,
            -0.26429882645606995,
            -0.024863747879862785,
            -0.7346701622009277,
            -0.06443671137094498,
            0.059037018567323685,
            0.7908051013946533,
            -0.27019017934799194,
            0.062051575630903244,
            -0.006066576577723026,
            -0.005574466660618782,
            0.06801663339138031,
            -0.06596789509057999,
            0.273985892534256,
            0.14668120443820953,
            -0.31785574555397034,
            0.0360126718878746,
            0.08984334021806717,
            -0.15197713673114777,
            -0.09871312230825424,
            -0.19930589199066162,
            -0.10637864470481873,
            -0.2100583165884018,
            3.125885268673301e-05,
            0.09880957752466202,
            0.10928700864315033,
            -0.12914986908435822,
            -0.25256839394569397,
            -0.021022100001573563,
            -0.3678971230983734,
            -0.10340607911348343,
            0.22408097982406616,
            0.1654859036207199,
            0.10729817301034927,
            0.2229841649532318,
            0.13677182793617249,
            0.24592888355255127,
            0.1239272877573967,
            -0.12203214317560196,
            -0.12054949253797531
        ],
        "std": [
            0.023430991917848587,
            0.013075467199087143,
            0.01618986576795578,
            0.04130392149090767,
            0.033273521810770035,
            0.017637358978390694,
            0.028238149359822273,
            0.018636109307408333,
            0.019015707075595856,
            0.0314873605966568,
            0.022968512028455734,
            0.021341310814023018,
            0.0074701691046357155,
            0.00871316809207201,
            0.022621015086770058,
            0.14909030497074127,
            0.056782275438308716,
            0.12387068569660187,
            0.2916319668292999,
            0.28767073154449463,
            0.23494644463062286,
            0.13781875371932983,
            0.1343115121126175,
            0.3291543126106262,
            0.17104114592075348,
            0.35789477825164795,
            0.011670914478600025,
            0.163425013422966,
            0.16809982061386108,
            0.16415461897850037,
            0.053989704698324203,
            0.135144904255867,
            0.39131471514701843,
            0.29711347818374634,
            0.30966806411743164,
            0.13770698010921478,
            0.15280425548553467,
            0.35577115416526794,
            0.1841619461774826,
            0.39424583315849304,
            0.007968948222696781,
            0.17357613146305084,
            0.18460384011268616
        ],
        "min": [
            -0.8064408302307129,
            0.020538330078125,
            -0.015477657318115234,
            0.655913233757019,
            -0.5971259474754333,
            -0.09288652241230011,
            -0.8291130065917969,
            -0.1304478645324707,
            -0.06859493255615234,
            0.7103266716003418,
            -0.6359834671020508,
            0.00078708486398682,
            -0.042054176330566406,
            -0.05251713842153549,
            -0.03099687397480011,
            -0.7800724506378174,
            -0.031903743743896484,
            -0.46294230222702026,
            -0.856899619102478,
            -0.8490321636199951,
            -0.801981508731842,
            -1.1091665029525757,
            -0.5831150412559509,
            -1.1455997228622437,
            -0.5916775465011597,
            -1.1727310419082642,
            -0.016900092363357544,
            -0.02687312476336956,
            0.019413551315665245,
            -1.061833381652832,
            -1.1767053604125977,
            -0.33596205711364746,
            -0.9999198913574219,
            -1.4280424118041992,
            -0.9129036068916321,
            -0.773181140422821,
            -0.059271618723869324,
            0.02510651759803295,
            0.028742734342813492,
            0.03963426128029823,
            0.05957458168268204,
            -0.6808136701583862,
            -0.6705496311187744
        ],
        "max": [
            0.0,
            0.1242523193359375,
            0.17475196719169617,
            1.1431736946105957,
            -0.19787466526031494,
            0.026910338550806046,
            -0.6053612232208252,
            -0.005027890205383301,
            0.14180517196655273,
            1.251319169998169,
            -0.22762204706668854,
            0.12361198663711548,
            0.023740291595458984,
            0.0484757125377655,
            0.20643039047718048,
            0.5041810274124146,
            0.5571808815002441,
            0.6056790351867676,
            1.144849419593811,
            1.3318331241607666,
            0.8723669052124023,
            0.5246458649635315,
            0.0009188266121782362,
            -0.027680788189172745,
            -0.009282181039452553,
            -0.025421928614377975,
            0.030954688787460327,
            0.6799533367156982,
            0.6653628945350647,
            0.4922208786010742,
            -0.05227351188659668,
            1.0119158029556274,
            1.289918065071106,
            1.94504976272583,
            1.1668752431869507,
            0.8417401909828186,
            0.5943409204483032,
            1.1722851991653442,
            0.5890199542045593,
            1.1593412160873413,
            0.12546703219413757,
            -0.0034454797860234976,
            -0.02300688438117504
        ],
        "q01": [
            -0.7532645034790039,
            0.05148196220397949,
            0.04489847183227539,
            0.7192747503519058,
            -0.3240692552924156,
            -0.06428942158818245,
            -0.7912035751342773,
            -0.09673105716705323,
            0.017742633819580078,
            0.7674505710601807,
            -0.32027195423841476,
            0.016601156257092953,
            -0.02616600036621094,
            -0.021660395842045547,
            0.029556460250169038,
            -0.5594659173488616,
            0.16399049758911133,
            -0.21556315064430237,
            -0.6835157001018524,
            -0.3296604418754578,
            -0.5725656437873841,
            -0.5824038064479828,
            -0.528125678896904,
            -1.1143699598312378,
            -0.5880736464262009,
            -1.1637904512882233,
            -0.015410266183316708,
            0.007035600021481514,
            0.019456693902611732,
            -0.693832368850708,
            -0.45281352519989015,
            -0.2602050566673279,
            -0.8099357938766479,
            -1.006425154209137,
            -0.7035418832302094,
            -0.2574322426319122,
            0.023279226310551168,
            0.02527237869799137,
            0.030399395152926445,
            0.040031393989920616,
            0.05958795934915542,
            -0.6274714928865432,
            -0.633478627204895
        ],