{
    "observation.state": {
        "mean": [
            -0.7056964635848999,
            0.07948676496744156,
            0.04993540048599243,
            0.7468546628952026,
            -0.2594746947288513,
            -0.06274484843015671,
            -0.7642920017242432,
            -0.0672452449798584,
            0.0673559159040451,
            0.7716705203056335,
            -0.2363501340150833,
            0.05725308507680893,
            -0.008385078981518745,
            -0.01183678861707449,
            0.0775986835360527,
            -0.061148256063461304,
            0.26826611161231995,
            0.17436203360557556,
            -0.45057225227355957,
            -0.08388474583625793,
            0.1954031139612198,
            -0.18577143549919128,
            -0.09004388749599457,
            -0.18409037590026855,
            -0.0870741531252861,
            -0.1867043823003769,
            0.001960004447028041,
            0.08457504957914352,
            0.09958022087812424,
            -0.15416769683361053,
            -0.28169289231300354,
            -0.07911191880702972,
            -0.5315059423446655,
            0.10268821567296982,
            0.4067387282848358,
            0.1395438015460968,
            0.08691760152578354,
            0.18145814538002014,
            0.10850309580564499,
            0.19876757264137268,
            0.10340959578752518,
            -0.09976018965244293,
            -0.09686313569545746
        ],
        "std": [
            0.039104655385017395,
            0.026141418144106865,
            0.018147896975278854,
            0.03288595750927925,
            0.03881916031241417,
            0.03881777822971344,
            0.036052361130714417,
            0.014155521988868713,
            0.031273290514945984,
            0.01959134265780449,
            0.03411724790930748,
            0.016974570229649544,
            0.006945388857275248,
            0.006081731058657169,
            0.022064438089728355,
            0.20944005250930786,
            0.07498308271169662,
            0.1636687070131302,
            0.38782599568367004,
            0.24123603105545044,
            0.25931429862976074,
            0.11170988529920578,
            0.12830600142478943,
            0.3016785681247711,
            0.13392463326454163,
            0.3191515803337097,
            0.006874687969684601,
            0.13270637392997742,
            0.13675592839717865,
            0.21929359436035156,
            0.077968530356884,
            0.17921490967273712,
            0.47335806488990784,
            0.23583653569221497,
            0.2971501350402832,
            0.1323753148317337,
            0.13400022685527802,
            0.30437570810317993,
            0.1471814066171646,
            0.3353389501571655,
            0.030443131923675537,
            0.14338459074497223,
            0.1501636654138565
        ],
        "min": [
            -0.761350154876709,
            0.03586101531982422,
            0.010556221008300781,
            0.683925449848175,
            -0.367998868227005,
            -0.14783699810504913,
            -0.8460938930511475,
            -0.09306991100311279,
            -0.010567665100097656,
            0.7154827117919922,
            -0.3735440671443939,
            0.007976238615810871,
            -0.03708600997924805,
            -0.025471165776252747,
            0.0230155847966671,
            -0.9967711567878723,
            0.14782357215881348,
            -0.385763943195343,
            -0.9980257749557495,
            -0.7612597942352295,
            -0.8134932518005371,
            -0.7323287725448608,
            -0.5939171314239502,
            -1.1704357862472534,
            -0.59084153175354,
            -1.171675443649292,
            -0.0069931442849338055,
            0.008688444271683693,
            0.020017536357045174,
            -1.055314064025879,
            -0.7484252452850342,
            -0.5843710899353027,
            -1.0031075477600098,
            -1.0403647422790527,
            -0.6642606854438782,
            -0.4273605942726135,
            -0.00023998849792405963,
            0.024080678820610046,
            0.023924948647618294,
            0.037583574652671814,
            0.05947116017341614,
            -0.6809162497520447,
            -0.6731573939323425
        ],
        "max": [
            -0.603057861328125,
            0.1661214828491211,
            0.11574983596801758,
            0.8849195241928101,
            -0.19565220177173615,
            0.008274649269878864,
            -0.6330156326293945,
            -0.005488038063049316,
            0.13518953323364258,
            0.8453254699707031,
            -0.15013045072555542,
            0.09534379839897156,
            0.018182754516601562,
            0.013641534373164177,
            0.12933915853500366,
            0.4944859743118286,
            0.5849363803863525,
            0.7081921100616455,
            1.3417143821716309,
            0.9066088199615479,
            0.8843240737915039,
            0.5576724410057068,
            -0.011066325008869171,
            -0.02668173983693123,
            -0.017606928944587708,
            -0.03221846744418144,
            0.02975139021873474,
            0.6261900067329407,
            0.6226691603660583,
            0.39638280868530273,
            -0.16371488571166992,
            0.6202113628387451,
            1.4376596212387085,
            0.7920713424682617,
            1.0686851739883423,
            0.5779491662979126,
            0.5851485133171082,
            1.1724913120269775,
            0.5808064341545105,
            1.1568552255630493,
            0.12462112307548523,
            -0.01702697202563286,
            -0.021839143708348274
        ],
        "q01": [
            -0.7562392854690552,
            0.04146003723144531,
            0.0208282470703125,
            0.6963304930925369,
            -0.33521074026823044,
            -0.1410299788415432,
            -0.8364384174346924,
            -0.08793416857719422,
            0.004359073638916015,
            0.7281975746154785,
            -0.33913058042526245,
            0.023797495160251855,
            -0.02650412082672119,
            -0.023050684724003078,
            0.04390329234302044,
            -0.7766434919834136,
            0.17017436027526855,
            -0.28133816361427305,
            -0.9084064292907715,
            -0.48647743225097656,
            -0.4995181941986084,
            -0.4521116828918457,
            -0.47638680577278136,
            -1.0194038689136504,
            -0.5264233833551407,
            -1.1038749146461486,
            -0.00633087469264865,
            0.010004794225096703,
            0.028472667559981346,
            -0.9004692983627319,
            -0.5016499137878419,
            -0.41946168661117555,
            -0.9959769248962402,
            -0.5660125231742859,
            -0.40127468705177305,
            -0.2442274022102356,
            0.000434964633313939,
            0.024776725098490715,
            0.026291193440556526,
            0.03788749873638153,
            0.05948081612586975,
            -0.4800403666496277,
            -0.4811926782131195
        ],