{
    "observation.state": {
        "mean": [
            -0.6183796525001526,
            0.12539206445217133,
            0.02037394791841507,
            0.7302079200744629,
            -0.2708723843097687,
            -0.11361165344715118,
            -0.6630523204803467,
            -0.09322386234998703,
            0.09056203067302704,
            0.7663081288337708,
            -0.2788168489933014,
            0.09543289989233017,
            -0.015921803191304207,
            -0.013403382152318954,
            0.03878355398774147,
            -0.08716639876365662,
            0.26992353796958923,
            0.1649530678987503,
            -0.2347291260957718,
            -0.10460628569126129,
            0.10306571424007416,
            -0.162239670753479,
            -0.094451904296875,
            -0.1952342689037323,
            -0.10582985728979111,
            -0.21913187205791473,
            0.0015621985075995326,
            0.09584411978721619,
            0.10819453746080399,
            -0.06612291932106018,
            -0.2462465912103653,
            -0.06358908116817474,
            -0.41978582739830017,
            0.055533722043037415,
            0.31584256887435913,
            0.17207971215248108,
            0.18515564501285553,
            0.19624008238315582,
            0.11472472548484802,
            0.20821328461170197,
            0.08479421585798264,
            -0.10859068483114243,
            -0.10200797766447067
        ],
        "std": [
            0.02237596921622753,
            0.01620686985552311,
            0.01585196517407894,
            0.021723169833421707,
            0.015314701944589615,
            0.02851683646440506,
            0.030678916722536087,
            0.01197123620659113,
            0.030255692079663277,
            0.01678130030632019,
            0.01757032424211502,
            0.017726685851812363,
            0.008259127847850323,
            0.006201001815497875,
            0.01547926664352417,
            0.18528933823108673,
            0.05598878860473633,
            0.1628061980009079,
            0.4896141290664673,
            0.1831289827823639,
            0.30303528904914856,
            0.1260005384683609,
            0.12221657484769821,
            0.30791226029396057,
            0.16641849279403687,
            0.36647000908851624,
            0.0398808978497982,
            0.149306520819664,
            0.15188100934028625,
            0.1824527084827423,
            0.044733040034770966,
            0.20406150817871094,
            0.49264755845069885,
            0.16161227226257324,
            0.31502586603164673,
            0.15329863131046295,
            0.15263071656227112,
            0.3335721790790558,
            0.15133891999721527,
            0.3529287576675415,
            0.031937453895807266,
            0.1591421216726303,
            0.16558921337127686
        ],
        "min": [
            -0.6781063079833984,
            0.050408363342285156,
            -0.025400638580322266,
            0.6871808767318726,
            -0.33941128849983215,
            -0.14290088415145874,
            -0.7142374515533447,
            -0.11902821063995361,
            -0.004782199859619141,
            0.7305412292480469,
            -0.369125097990036,
            0.041920751333236694,
            -0.04399585723876953,
            -0.029694456607103348,
            -0.010691416449844837,
            -0.7788859605789185,
            0.1536719799041748,
            -0.540516197681427,
            -0.9356479644775391,
            -0.643406867980957,
            -0.8652348518371582,
            -0.6441173553466797,
            -0.5834754705429077,
            -1.146065592765808,
            -0.5921741127967834,
            -1.171737790107727,
            -0.02356240153312683,
            0.007863976992666721,
            0.018599560484290123,
            -0.9743008613586426,
            -0.6946160793304443,
            -0.5056345462799072,
            -1.0056602954864502,
            -1.0958876609802246,
            -0.7229047417640686,
            -0.5153343081474304,
            0.0001913566084112972,
            0.024857258424162865,
            0.00922753568738699,
            0.03835344314575195,
            0.05825527012348175,
            -0.6821722388267517,
            -0.6742982864379883
        ],
        "max": [
            -0.5712118148803711,
            0.1564490795135498,
            0.06589174270629883,
            0.8345282673835754,
            -0.21164003014564514,
            -0.008616676554083824,
            -0.591513991355896,
            -0.04793679714202881,
            0.13217639923095703,
            0.8320481777191162,
            -0.2381925731897354,
            0.1279364377260208,
            0.017847537994384766,
            0.006088668946176767,
            0.06914042681455612,
            0.44393646717071533,
            0.47245240211486816,
            0.6986766457557678,
            1.3095366954803467,
            0.6454246044158936,
            0.657778263092041,
            0.460770845413208,
            -0.008443213067948818,
            -0.026821717619895935,
            0.00841815210878849,
            -0.02448910102248192,
            0.27791234850883484,
            0.6760973334312439,
            0.6669725775718689,
            0.3574342727661133,
            -0.16951513290405273,
            0.9265761375427246,
            1.5308250188827515,
            0.5058040618896484,
            0.9033373594284058,
            0.5037274956703186,
            0.5875577926635742,
            1.1727867126464844,
            0.5875779986381531,
            1.1574084758758545,
            0.1241137683391571,
            -0.017253272235393524,
            -0.0182026419788599
        ],
        "q01": [
            -0.6613798141479492,
            0.0819091272354126,
            -0.019235572814941405,
            0.6937204289436341,
            -0.3015184324979782,
            -0.1380457729101181,
            -0.7078495025634766,
            -0.1121593713760376,
            0.008020401000976562,
            0.7366421747207642,
            -0.32424130976200105,
            0.05380994074046612,
            -0.036496639251708984,
            -0.02761482059955597,
            0.010301410872489213,
            -0.6370116710662842,
            0.16984081268310547,
            -0.34485430717468263,
            -0.8081719994544982,
            -0.3995510959625244,
            -0.6491932487487793,
            -0.42495217323303225,
            -0.44539109647274017,
            -1.0182976341247558,
            -0.5770355868339538,
            -1.159966881275177,
            -0.02305963635444641,
            0.007977092638611794,
            0.01863119937479496,
            -0.695847578048706,
            -0.3806513452529907,
            -0.35131145000457764,
            -0.993988904953003,
            -0.46285730361938476,
            -0.5221179437637329,
            -0.3544535374641418,
            0.00020765519002452493,
            0.024868763983249664,
            0.029710061848163605,
            0.03930547460913658,
            0.058266423642635345,
            -0.6124459266662597,
            -0.603589369058609
        ],